age,annual_income,credit_score,loan_amount,employment_years,existing_debt,loan_term_years,Grant_Loan
42,887220,492,1569065,1,781700,19,0
39,1883541,834,185639,29,758673,7,1
54,864917,682,1880957,28,177129,12,1
63,752959,557,1064348,23,998607,14,0
55,298818,631,1948917,34,467143,7,0
55,1147531,674,331075,29,70309,4,1
33,507747,424,1391293,2,897691,20,0
51,1043441,509,1193413,5,99244,13,0
39,1194170,690,1263865,18,964164,7,1
41,272715,417,1847001,35,461063,10,0
46,785560,367,1952392,19,946803,14,0
45,1066183,613,1302390,12,89402,16,1
42,301459,730,1535183,2,847056,5,0
39,366703,517,942015,3,23723,17,0
37,1662073,807,801393,25,372949,12,1
53,624226,824,493258,34,702716,8,1
41,465798,840,292934,35,976264,18,1
25,1341154,638,192867,17,213482,2,1
22,492231,478,1681734,18,127101,16,0
41,1017052,319,556995,28,727,15,0
32,980965,808,106635,39,346140,17,1
55,1719832,789,1803282,18,679129,19,1
55,337084,839,1101442,37,664607,19,1
30,472670,621,1789122,24,830679,16,0
46,272240,656,1961181,3,432859,10,0
31,787100,630,1083994,14,517473,16,1
21,1416959,463,835945,22,299266,8,1
55,230447,683,1604316,27,333112,5,0
23,1716111,660,755356,22,441758,8,1
56,1586617,617,608988,14,900121,12,1
23,1911646,741,1601676,5,437359,13,1
26,415400,446,1793967,11,862839,4,0
61,1904098,749,1250847,6,546707,8,1
45,451537,372,1464474,20,461823,3,0
39,1225799,556,586785,23,597457,8,1
59,1733854,787,1138129,19,479498,2,1
53,997968,315,764647,25,657253,9,0
44,526032,461,1615615,38,985825,13,0
45,948013,655,1792955,14,246301,9,1
58,1157386,322,1440254,15,89743,15,0
59,1670394,700,256903,22,96058,5,1
56,1927132,846,475767,39,260529,20,1
49,663547,767,1880314,36,174001,4,1
44,1738510,637,1353659,6,291736,15,1
27,1252207,651,578036,11,410609,6,1
60,1064645,607,1411425,4,984080,15,0
36,953753,703,818223,17,198910,18,1
57,393783,565,1886665,15,381382,9,0
35,501207,374,1465153,15,520114,13,0
51,954444,487,1559405,11,337935,14,0
48,1498266,789,1091482,6,601383,16,1
41,1707630,657,551110,37,1620,20,1
24,1156331,619,619354,26,820217,10,1
47,1324949,617,1966334,39,611650,1,1
56,1190669,814,1309770,5,687823,11,1
46,925947,610,734494,29,401072,15,1
58,1139947,456,1642173,12,310414,15,0
30,744897,841,425854,31,979874,17,1
64,834122,727,1124477,12,643703,16,1
61,1486936,841,827635,36,581529,3,1
34,1445077,354,1697824,16,375595,1,0
60,1434897,505,914285,26,45406,1,1
43,571931,360,1585963,33,206354,20,0
40,607507,320,1447203,26,995586,4,0
30,919401,702,1083224,39,365543,9,1
58,218073,582,886309,27,675025,19,0
61,363038,807,724533,6,885375,14,1
23,832259,764,912318,3,553006,9,1
40,1769123,397,723422,0,556620,15,0
48,1955548,681,486862,9,258480,7,1
22,348554,365,691593,9,76425,8,0
34,401139,676,1201882,3,269670,10,0
52,1873879,806,1196640,22,387128,16,1
39,1457100,808,882297,38,564585,18,1
63,354249,514,442179,36,772466,1,0
47,1575035,573,1198836,16,927604,9,1
64,324447,611,688273,3,748462,7,0
38,207531,655,1852502,33,398825,17,0
23,1999740,639,483961,34,652329,10,1
57,1936132,550,951311,13,772838,13,1
32,1982581,634,459925,18,803990,12,1
63,1998806,305,1311179,15,829151,6,0
47,488859,396,1544139,31,697976,9,0
50,1541775,331,964013,28,750401,6,0
21,365575,544,710187,23,956010,3,0
44,665757,329,574624,23,686093,2,0
43,719089,849,1053466,7,564931,6,1
27,1811935,551,238069,35,960509,12,1
43,1078879,610,928878,18,676341,5,1
50,1276717,689,529806,38,560733,18,1
48,1388575,387,667614,33,892017,6,0
31,1920856,493,1781462,37,342873,16,1
26,1619541,798,978057,13,792425,14,1
27,1840067,755,652251,8,89846,2,1
46,995928,474,904744,9,711058,11,0
61,1279924,534,222502,17,524362,2,1
31,588590,723,345599,13,904603,18,1
28,1665017,616,1045893,37,59946,2,1
57,1726322,403,644699,30,531930,18,1
40,1406861,790,387283,9,676664,18,1
52,1483131,474,359509,9,919283,7,1
46,1953089,544,231871,13,653817,9,1
52,511955,668,550364,26,545611,11,0
54,1501367,495,93169,22,70400,6,1
54,564359,539,1363982,19,273497,19,0
50,210699,602,1288227,6,433048,6,0
50,1112935,687,247478,11,744265,6,1
36,1689700,340,163936,8,627290,19,1
34,248874,542,1253118,23,567769,8,0
30,945182,728,1007726,20,973751,6,1
48,1143693,803,941372,14,278026,2,1
48,606845,752,1180548,27,86373,8,1
57,1293609,616,1423713,18,447617,2,1
32,338563,428,925564,28,436670,5,0
54,721998,756,170592,5,408548,13,1
55,1321164,481,1556798,27,207158,10,1
53,1478523,785,494755,9,601799,1,1
41,1667223,600,781576,12,221711,18,1
26,905475,787,162669,13,941344,6,1
43,1517363,803,1149095,24,498782,1,1
40,1869211,386,1899039,21,931849,1,0
21,1770439,612,539415,0,77597,4,1
23,1167290,696,1624745,6,686126,2,1
37,1370439,440,801287,7,431779,18,0
31,1891811,321,1493401,22,75839,7,0
56,1109711,782,1510235,22,694491,13,1
51,893045,742,685254,5,321701,14,1
22,1591538,589,1466470,4,89051,9,1
61,250861,640,159373,22,329963,13,0
50,365937,460,627263,4,207226,17,0
50,1883505,525,1160178,25,596093,9,1
21,684090,564,1312032,33,53997,10,1
44,819369,404,375437,18,837566,17,0
41,524912,848,1529634,26,855695,6,1
55,936400,344,787463,28,984348,20,0
21,1376410,494,902557,6,960002,3,0
25,1783246,589,457407,12,400010,13,1
29,1590281,593,1900924,20,69351,2,1
47,1544476,526,76616,3,485725,1,1
61,756110,403,933190,33,421777,13,0
60,925836,536,1120913,35,359181,9,1
56,1225014,509,1985364,23,582092,1,0
52,1855743,564,794822,27,823932,8,1
43,375006,699,1415103,16,889808,17,0
52,427286,455,1489028,27,759072,20,0
31,1893439,644,1527141,0,760691,1,1
43,1189470,491,1037626,7,218827,3,1
48,1050538,312,922639,0,23525,10,0
34,1517630,689,65216,3,364765,14,1
49,273997,347,1828264,3,645499,4,0
33,1951550,698,587970,19,741067,16,1
61,1030185,300,760381,14,850100,7,0
57,1186420,626,1596175,35,55182,17,1
56,1992113,408,184794,1,936066,11,1
59,986639,648,825292,27,267688,11,1
64,1436180,517,1753057,1,838018,15,0
39,913226,438,1865335,13,154607,4,0
28,1482789,440,72692,1,482863,9,1
31,758030,698,251604,24,438988,19,1
63,813474,637,1713900,31,201893,11,1
28,275388,524,372137,5,542462,17,0
38,1881601,601,1667603,31,145364,10,1
53,415048,632,1905797,26,590348,5,0
33,1228400,642,154188,15,524156,9,1
34,209078,643,1693909,22,9472,11,1
28,748884,754,906636,7,326968,7,1
47,990144,559,993681,17,289962,1,1
56,755462,417,1840146,10,786885,20,0
56,1476647,827,1351133,13,324368,18,1
54,1864260,440,632111,20,3435,9,1
34,1537803,733,1072582,21,364543,11,1
60,860902,427,513685,17,919521,1,0
53,1460533,509,1634738,0,783123,7,0
26,929497,412,1621836,2,309780,10,0
52,1363369,417,1456396,28,78209,4,1
21,1380267,446,902159,37,240617,1,1
55,1673682,773,212421,28,180324,13,1
46,1280174,756,1692205,30,413532,1,1
41,1380887,619,434370,32,314368,18,1
55,844318,356,276572,2,722648,15,0
35,1920023,647,647578,35,183024,20,1
48,344832,678,518011,23,678710,16,0
53,417029,577,143078,15,415976,15,1
28,1667071,390,1183153,11,746777,15,0
44,249104,325,563953,22,709163,11,0
48,1155154,327,1325393,29,898628,9,0
48,1702337,455,1584227,14,540282,2,0
31,1465898,386,1553800,11,668695,7,0
60,1074631,494,1913843,20,125604,10,1
60,928744,832,1895711,29,927699,10,1
37,1231519,578,323813,33,181062,7,1
22,1690687,484,1817704,36,834089,12,0
59,1182599,748,654453,27,476785,15,1
23,1573259,391,668396,29,149725,20,1
42,675584,538,556554,20,839763,11,0
24,990546,313,1774502,21,292706,7,0
33,458517,302,568895,30,15733,2,0
22,1334106,725,1896357,24,479702,7,1
60,587732,476,989695,25,744990,7,0
40,393718,788,170243,28,638464,8,1
25,261367,715,1374129,24,136149,3,1
50,716595,639,1208343,7,440924,11,0
36,620182,839,627880,11,31673,2,1
37,635423,686,1449769,30,561001,2,1
39,619139,843,318449,36,447875,10,1
62,1433741,302,198725,0,886408,18,0
62,485555,782,1604209,27,947790,9,1
45,820347,334,344067,1,97382,5,0
57,1074829,424,1539556,28,910913,18,0
58,1079903,602,735338,38,864358,19,0
23,349381,828,1779004,10,565544,6,1
56,1567223,602,181379,34,583247,3,1
63,1385574,662,1229580,12,271334,1,1
26,283369,529,1766190,19,579844,11,0
44,708679,378,447891,31,413841,9,0
50,757685,798,1808136,24,806434,13,1
29,1443064,414,402365,8,342196,14,1
28,1162854,425,1509900,8,937773,6,0
49,1829311,588,1206191,9,606603,18,1
63,1840920,316,1177109,18,839446,18,0
46,1226630,395,1129367,38,393145,10,0
25,1441597,349,717565,22,273120,17,0
50,1980752,640,1006255,28,682986,17,1
51,1543499,835,1701348,5,720882,18,1
62,1762579,453,1155797,9,988822,14,0
47,1544613,302,1088457,22,596649,10,0
54,851844,577,673607,25,583526,1,1
42,1059414,415,1135610,6,413606,3,0
28,1058058,482,964424,23,188674,9,1
51,1373930,374,1484522,28,24363,2,0
36,916987,358,333460,35,556664,17,0
27,458722,371,336663,5,156164,11,0
44,635684,763,406427,38,387932,11,1
50,1052129,500,408105,3,2765,15,1
62,942488,702,163776,5,525825,11,1
46,814805,835,1381155,22,348292,2,1
51,1317502,654,1712388,17,673166,14,1
21,797218,518,785122,29,276735,19,0
29,1278560,803,1970024,4,54943,15,1
53,921001,532,903220,38,807182,10,0
38,1701584,670,187900,17,936209,12,1
47,693158,727,898124,37,423041,12,1
47,420971,512,284196,33,995107,16,0
32,834457,594,1142617,15,941114,17,0
55,1538106,694,1342035,20,992206,16,1
32,1534742,825,271468,33,235851,2,1
30,594583,504,316909,6,948048,9,0
21,1665291,513,1550018,26,244942,14,1
48,1624945,417,1169962,14,640816,5,0
52,341398,676,922834,24,957497,17,0
37,1788878,600,1247017,30,347761,2,1
45,1881641,840,1922427,15,229937,15,1
29,1665461,818,1200997,36,247113,13,1
55,517650,510,1909712,11,673616,16,0
38,358056,589,442551,36,949133,1,0
49,761165,501,1866760,17,351060,4,0
37,1347087,623,1367621,5,448096,7,1
53,444839,732,650724,16,714995,1,1
64,345788,553,673640,25,1906,11,1
56,1925690,447,858596,18,684308,9,1
33,1301844,612,796055,20,804748,20,1
29,1288075,375,1654243,34,756488,7,0
35,693948,819,194771,17,460522,2,1
31,1614022,318,1525159,16,667897,10,0
42,835232,632,1998010,23,630368,19,0
52,489226,775,1506507,27,548912,3,1
32,1534809,382,53358,30,807733,4,1
45,1080112,689,877385,22,461261,19,1
42,1480617,750,1880200,17,771143,9,1
31,1542630,314,74042,14,403666,11,1
34,1148163,487,378953,13,956894,11,0
59,1015673,576,574006,31,717875,13,1
63,889556,568,1287903,32,292441,14,1
30,634995,612,861527,16,842753,19,0
36,758819,731,1833611,15,982426,12,1
49,1087700,788,90149,9,998722,8,1
46,1445709,561,900525,22,164404,3,1
61,1173950,677,908823,32,995698,14,1
32,960581,426,1486803,5,271223,17,0
45,1607753,399,990335,8,149805,12,0
35,1805235,423,983476,23,357395,12,1
38,782004,737,842330,22,458365,5,1
55,1754235,732,378055,37,405123,3,1
44,1254477,609,528697,8,549633,20,1
42,1426134,588,240167,12,479551,7,1
27,729992,532,961289,38,887278,17,0
49,1945171,779,1995537,6,182047,20,1
24,1197858,582,903062,11,468977,20,1
63,1342953,527,1890749,6,627763,7,0
46,1919014,699,1985219,1,723879,6,1
47,1431534,566,256548,5,50755,2,1
50,1931897,711,320741,1,473919,12,1
41,1700554,740,515590,27,319186,2,1
25,425371,466,1276872,11,823578,4,0
25,228625,589,880351,6,997414,2,0
55,850024,714,1915779,38,731188,11,1
29,690042,828,915256,26,956176,16,1
48,696758,713,1118965,14,177763,11,1
21,360081,730,1693608,25,174750,5,1
62,1754510,525,81085,13,157255,4,1
59,1864600,765,1258468,0,319849,4,1
63,1777222,304,1652091,32,152324,18,0
46,1599453,472,286495,31,406491,3,1
43,1675153,594,1326914,25,500653,2,1
43,1538486,778,328104,4,553620,14,1
49,678366,636,1917307,4,171236,14,1
43,1030051,800,1504407,6,454142,12,1
49,1324905,817,685311,21,240028,4,1
44,1909933,784,393150,18,789404,10,1
54,1627120,679,136124,34,694186,2,1
25,300734,452,1153298,24,693464,18,0
46,957038,682,1329758,37,171929,15,1
64,1183939,719,167473,10,143988,17,1
62,741357,413,396030,5,397797,4,0
38,1260899,534,859340,24,286674,16,1
48,423332,372,1885295,14,637684,15,0
25,1688856,358,1932582,5,536512,13,0
43,688011,365,257596,7,449871,1,0
51,535441,352,580799,33,860665,9,0
22,1232532,411,1833171,25,794042,12,0
37,630267,506,1512538,14,706513,7,0
43,1079381,337,221541,25,660284,7,1
30,1909375,368,1181867,27,919455,15,0
40,1847608,793,1085408,29,777766,9,1
24,1389083,672,1051452,21,582314,16,1
42,472900,453,1079870,39,431385,13,0
62,1956124,440,403039,21,16939,10,1
48,1552144,617,1709350,3,247541,3,1
64,695518,680,1857402,3,211027,1,1
25,1290805,691,1978193,34,883784,7,1
22,842804,580,979896,24,780498,10,0
53,927506,482,1177787,5,409675,15,0
31,1486836,675,1854251,31,608434,17,1
49,1278532,410,763611,32,663270,3,0
60,393510,689,1281266,1,171999,18,0
32,1878687,493,1879310,31,443855,2,1
43,457681,758,450782,11,662222,15,1
29,1818243,461,913428,28,7265,12,1
35,1130491,596,1908997,25,529954,16,1
36,742601,591,531530,12,308372,9,1
23,670641,684,1853500,31,922036,16,0
40,867689,480,325848,11,986715,1,0
37,1096782,472,1512108,19,815915,7,0
26,1970485,634,1614371,22,3771,17,1
38,947419,322,436350,6,721615,1,0
49,257022,412,173805,32,810238,18,0
59,1389906,784,1823216,14,830445,11,1
60,1917992,794,719221,12,621535,13,1
58,1443131,661,1629451,25,413166,7,1
59,755689,803,1227228,32,910789,2,1
45,1768560,372,1191452,17,929950,11,0
36,487681,382,517927,16,604494,1,0
35,1536651,504,1000922,31,972304,7,0
59,512250,832,1609067,22,49476,10,1
53,1143187,549,959531,16,679930,16,0
53,239279,502,1070462,33,79888,1,0
40,687689,681,347883,6,67560,15,1
40,1130997,761,1086149,33,146161,4,1
25,846701,521,1895700,19,144375,17,1
63,317235,550,1880288,26,822545,13,0
64,856951,744,1596933,37,828894,19,1
30,1536921,750,1534223,11,488161,16,1
25,1972764,818,1006228,37,754534,9,1
52,1024899,601,911858,14,829311,14,0
43,604772,832,1305062,28,123199,5,1
34,980641,392,1389527,17,872089,9,0
44,849829,726,1767534,28,765644,5,1
31,1880386,497,1376980,17,190545,5,1
37,1505487,737,1960217,32,296694,15,1
32,364053,754,287068,36,716284,8,1
32,1332658,670,593898,14,41269,4,1
23,1381208,753,384923,15,189937,7,1
58,1232766,620,268306,20,923577,5,1
22,1930228,365,1137680,3,265976,9,0
27,1976531,843,465466,8,758849,1,1
62,1006481,348,257609,15,715637,1,0
37,1822572,331,1228320,18,395797,5,0
29,1186753,318,1269439,16,453572,4,0
58,1171129,502,453551,39,572285,20,1
55,1927757,652,997272,32,48784,9,1
46,218752,340,691517,28,107441,5,0
23,370963,703,1060396,25,866453,18,0
35,816412,343,293877,3,895668,2,0
59,1264605,549,1690975,23,305218,19,1
51,1849017,630,830277,17,601158,17,1
29,1955692,411,908950,3,641000,12,0
57,1892110,344,1246311,15,907153,17,0
33,1876925,364,252834,14,508522,6,1
26,1945259,614,1459020,7,95335,12,1
38,1385820,625,1649417,1,951822,7,0
47,1252330,414,1512603,35,93650,15,0
32,1483141,389,421852,1,642911,8,0
33,1749302,426,576249,33,782516,2,1
33,1678016,465,1082321,3,738456,8,0
23,1300500,311,1210152,23,544392,8,0
48,498090,390,1355081,17,810830,20,0
43,1440351,829,901324,17,798385,4,1
32,1315488,310,186645,18,904027,16,0
21,1750173,704,1591019,38,854295,19,1
58,423894,408,1619720,33,144258,19,0
26,1326825,682,487651,17,925922,8,1
23,718652,761,938698,2,984249,16,0
64,1427165,767,1044453,21,363334,6,1
49,1688673,625,467216,17,615326,17,1
30,766956,720,1278265,6,991052,1,0
37,480783,382,881257,11,952772,13,0
49,1829849,731,514310,22,254957,12,1
48,1993961,708,1744552,16,1468,7,1
62,1740448,719,1303296,30,758171,2,1
43,279141,412,935987,23,112255,15,0
63,1547098,559,643731,20,691150,2,1
54,1699576,515,1758557,33,892018,12,0
64,441531,742,105863,14,335639,16,1
58,1835288,507,1886901,2,501477,19,0
54,983066,408,534282,32,973215,10,0
24,1725416,816,1960610,33,972016,6,1
62,885154,492,1917014,20,977623,17,0
22,547697,697,1638599,17,646290,10,0
42,1555833,440,1070332,19,929809,8,0
28,1926470,643,453157,34,77994,2,1
39,812297,654,373720,33,308838,1,1
42,1926550,719,1751044,34,339606,4,1
21,1407786,668,750270,25,452333,13,1
54,360381,650,1591037,17,846462,17,0
46,1706404,770,1353306,16,137821,1,1
44,1495269,653,1271691,6,163004,11,1
33,1865970,430,1416291,38,880292,12,0
38,1821219,547,606119,15,251666,6,1
44,1184176,803,166545,35,383015,3,1
40,615384,506,494718,4,229016,8,0
48,1131011,665,1570445,38,249836,9,1
27,1164918,559,1801939,33,525332,5,1
22,1197082,306,1880029,28,402935,2,0
60,643324,527,1431173,25,605398,18,0
48,972944,815,1350964,18,318821,13,1
50,877164,325,647904,18,712165,10,0
47,1761863,744,523573,22,921253,19,1
53,1293314,658,1832776,18,5577,17,1
50,1799024,828,714635,14,629721,4,1
43,1882955,839,1899087,33,175405,7,1
28,1392929,558,448237,36,447603,15,1
24,764678,760,419349,0,641404,16,1
34,1576401,815,1688197,32,655152,17,1
55,1868537,811,362257,27,268933,14,1
37,1050741,827,1586494,2,144575,13,1
62,1864221,428,875782,11,826954,14,0
34,1236548,664,200528,15,266285,14,1
34,364134,526,1597419,29,269579,3,0
36,998519,841,726315,39,172106,1,1
48,1255675,748,1962994,9,318774,3,1
46,1328649,302,463461,16,779085,11,0
50,849438,318,882583,30,355050,12,0
37,1228308,794,1210038,27,118637,4,1
50,1085421,368,1186168,25,472032,15,0
43,629667,378,616510,35,185541,13,0
57,1536737,778,287723,7,573722,19,1
27,809996,334,1502137,9,193646,6,0
42,544710,436,603280,3,739945,6,0
44,1559507,561,1309720,15,101489,12,1
28,527025,408,248303,39,475573,3,0
60,1531673,546,1711015,17,104843,14,1
25,1424648,387,1992057,11,300314,6,0
22,891738,832,1070747,21,297073,14,1
62,1159192,705,1710302,17,991827,12,1
35,1539100,529,1326485,18,704253,11,1
34,603850,724,1730189,29,327891,14,1
51,1437580,553,709987,38,718648,10,1
44,1277833,567,73559,36,915639,5,1
64,954296,309,1676082,2,760649,18,0
35,299616,588,1320699,16,724291,19,0
55,624127,713,577409,10,392575,17,1
57,1592909,684,798423,15,50711,1,1
56,1956169,438,1187613,29,846334,14,0
63,1098850,541,851151,16,140562,5,1
60,1431897,527,482829,19,567256,17,1
51,318413,431,1438990,3,955425,20,0
29,1041965,512,529809,26,253724,8,1
50,1946621,579,1158383,20,461122,7,1
25,1347647,425,859359,27,823333,16,0
41,688972,477,186285,1,857033,15,0
49,1190049,775,1806963,0,32940,11,1
38,1904597,373,315702,26,978817,15,1
45,720551,307,1320704,25,658767,2,0
52,969299,403,66061,6,915381,16,0
46,287468,656,1451430,35,497163,15,0
25,344539,526,1895964,33,608952,15,0
59,1135772,814,1476420,1,930170,11,1
29,1747261,847,1298993,23,117369,20,1
25,352999,642,347698,3,468298,20,0
33,742015,788,1552086,20,86296,14,1
28,1461357,654,1236995,5,424190,16,1
53,621818,614,1034210,14,603910,10,0
28,814661,835,395280,8,234955,13,1
57,1123482,744,195281,35,632079,19,1
50,357795,454,1787821,22,458818,13,0
56,656162,544,1814455,4,422275,6,0
64,1903377,836,1396419,18,47599,11,1
55,1131479,814,385513,31,836614,1,1
61,1199701,559,1124093,26,250694,16,1
61,408786,453,318733,32,751624,12,0
44,937266,563,1520413,3,824624,14,0
53,954950,686,1392137,39,408294,5,1
55,1470893,501,211081,2,50390,14,1
43,993153,605,1832852,6,786460,16,0
24,878250,513,1312703,28,160185,19,1
38,1563046,348,1288822,22,595644,17,0
36,1899752,421,458302,26,318166,20,1
57,1183581,564,829091,23,627867,11,1
60,1244244,364,222257,10,538304,20,1
26,279083,361,921535,5,38090,12,0
59,432732,340,85903,22,846822,16,0
64,969727,789,1756930,0,304543,13,1
43,1681235,659,1202327,16,280092,8,1
42,492985,582,1733032,8,223457,15,0
42,1625402,836,1364047,37,977606,8,1
54,803103,595,574608,4,993205,13,0
55,1312864,531,166841,11,657346,6,1
35,861757,816,168920,19,622215,7,1
22,627387,321,1814308,5,592610,4,0
31,1092027,369,952458,25,720602,16,0
43,1587087,579,1287063,39,563739,5,1
51,1444709,626,1599317,32,307980,15,1
37,812492,800,1381604,1,368697,10,1
21,905290,431,1185270,27,356843,14,0
26,236321,711,642054,21,716112,20,0
53,1635397,774,1431848,2,66617,4,1
41,1929057,321,1820403,7,597993,20,0
27,1318095,634,164456,2,658210,10,1
59,516205,657,1890706,36,496712,5,0
56,461486,436,103687,4,78422,1,1
57,242828,470,1003847,25,869029,13,0
24,571000,819,503222,33,853262,12,1
46,718727,755,976352,22,885621,13,1
55,1494929,613,1990066,28,364939,10,1
43,1392673,845,1610336,4,419972,20,1
24,1143115,586,766773,15,589428,11,1
46,1628080,782,788591,11,112113,20,1
31,1592291,692,1483370,22,568011,20,1
59,1670523,779,1919762,23,775404,9,1
50,305111,711,253117,32,195991,10,1
32,1244257,564,1933855,12,714261,6,0
47,1610706,509,1088218,2,537691,16,0
35,722220,516,244999,27,346229,19,1
25,1123945,487,689872,6,983848,15,0
57,1060952,678,213052,10,628431,14,1
31,794305,318,1057378,30,99122,5,0
31,1835997,511,1211328,33,50468,17,1
35,589954,720,1926946,33,494064,10,1
57,892841,840,1841396,11,977262,17,1
39,805409,495,1483284,22,747465,19,0
60,510375,623,1510886,23,528269,17,0
33,1557133,448,981515,16,299564,1,1
59,1486916,779,478638,27,998887,1,1
59,1687292,737,839417,31,705359,15,1
45,1693293,745,199395,6,311997,2,1
57,362982,770,1339660,4,682171,5,0
51,573706,749,206877,23,107967,5,1
43,404366,383,1747818,17,951192,18,0
39,839341,372,577466,22,719005,8,0
26,948321,565,650198,8,398640,7,1
57,1979240,839,151407,34,361417,19,1
23,645377,802,1802835,32,262739,11,1
32,826045,322,1298313,3,26572,6,0
31,828864,582,337635,12,584379,5,1
63,907650,641,1517208,35,986210,20,0
50,1260321,489,1998939,21,570993,11,0
45,590479,324,1326155,5,693619,18,0
50,1518508,669,564241,10,89876,12,1
35,1965524,752,605710,21,364446,6,1
63,1927408,713,1600813,12,298073,16,1
49,939290,804,1806600,38,53915,17,1
36,605804,796,796760,13,988651,1,1
45,1749652,427,1824363,2,633123,20,0
53,1258079,391,1423279,8,159472,17,0
23,1614821,334,1792166,38,845844,15,0
49,1430844,630,165657,31,410259,5,1
56,977147,768,1511312,12,318174,7,1
30,732994,546,1092092,3,373994,4,0
32,1994042,803,113014,13,392647,18,1
37,1123159,388,184445,8,488195,18,1
38,1323994,606,1642268,29,261176,18,1
49,1124044,613,662242,9,271733,1,1
46,849991,653,369674,17,503195,9,1
35,1444625,488,1142037,39,196936,17,1
55,1823064,410,682585,7,339711,8,1
25,1080179,364,330539,24,21058,2,1
58,788315,792,757910,24,335510,7,1
59,1422471,461,680270,1,692894,14,0
64,1838314,303,1838053,14,570178,10,0
35,1161568,749,994734,20,468731,7,1
47,504224,742,1215123,36,205603,17,1
48,598465,777,950959,16,402205,2,1
48,1224939,533,867108,20,519493,20,1
21,431447,455,673502,39,527608,17,0
56,445546,425,1327507,35,281787,9,0
53,1346237,618,1958042,37,268116,20,1
56,1497076,321,1699782,22,267291,1,0
45,1140756,437,1719771,21,230596,18,0
22,839282,656,1914445,32,286287,7,1
35,1816449,718,1319670,9,799395,7,1
59,565464,699,1109670,3,761062,8,0
46,716998,728,1664099,9,498095,7,1
40,759873,793,595726,32,633669,9,1
46,1760354,486,1869381,3,281504,1,0
50,233787,813,287330,31,385781,17,1
57,1889755,319,816565,27,189921,13,0
37,995326,426,1702131,33,829374,18,0
60,792632,576,109821,26,386154,15,1
36,1302127,730,882359,3,570217,4,1
50,1626445,804,1869239,20,340362,17,1
26,841269,588,1151887,20,339851,19,1
34,1317698,555,1997478,38,467186,11,1
61,1681006,601,1284215,2,944808,10,0
30,1242377,782,68074,7,493027,13,1
23,801763,776,1738809,3,54362,12,1
57,1457008,463,91777,9,324809,9,1
40,996657,487,1833802,14,485443,18,0
38,1067869,316,269707,7,496389,8,0
33,1992725,827,1666482,5,397111,5,1
44,402053,403,1907447,7,909834,17,0
57,1856684,754,1662210,21,515971,2,1
62,862784,706,411309,6,477843,5,1
41,1304849,555,809401,15,642742,11,1
56,1657214,799,273068,20,491860,12,1
23,1135129,522,1663727,24,712625,19,0
32,1424613,421,1453815,30,484353,14,0
27,251195,832,1763422,27,76478,20,1
56,326209,746,1263735,38,361484,17,0
46,268008,745,1815317,31,299531,11,1
47,1043804,676,761943,5,843352,7,1
42,1890696,300,138059,26,663759,8,1
50,1232038,455,573116,6,507553,16,0
57,352360,340,789574,23,816117,1,0
49,969605,757,1347682,37,236836,11,1
64,1895675,712,1743481,11,159912,12,1
61,1050610,312,1241058,0,61715,7,0
38,498871,708,623340,29,263685,12,1
43,515507,436,633838,12,246512,3,0
33,1623060,487,879365,8,119156,16,1
46,958842,636,1594859,2,677758,11,0
63,352889,519,319637,10,479885,16,0
45,283186,686,1743470,28,836188,9,0
21,822605,500,544955,12,9583,4,1
31,1825794,490,95619,28,279349,2,1
45,211303,724,375329,37,920631,15,0
59,530929,318,1036399,30,330322,6,0
57,1664811,453,297908,24,207397,3,1
57,891211,324,1004138,24,393186,1,0
30,304195,339,916220,1,778760,4,0
35,1977758,512,116253,36,606962,15,1
52,1837293,505,1133329,26,485319,18,1
21,1084315,832,115149,19,113153,15,1
59,968747,442,1856210,7,73313,15,0
46,1187471,696,498377,6,146115,10,1
23,1461519,759,1791035,7,232911,12,1
44,1747691,563,872376,16,191812,11,1
31,270119,428,1651956,33,762945,3,0
35,1306351,769,359378,31,407922,3,1
39,261929,547,470602,19,902084,16,0
37,594274,347,1419537,28,147631,14,0
34,838387,820,469149,20,957671,20,1
28,1864523,396,1297874,29,582124,9,0
57,1306581,725,1124846,21,770543,20,1
42,432549,309,1438977,4,906630,1,0
58,1212384,661,1557734,33,229991,10,1
61,1901667,465,1643786,28,967731,5,0
59,1274168,755,1004470,25,610961,3,1
52,1502922,623,1521926,1,266186,15,1
37,1697618,504,287069,14,783924,8,1
44,1919187,633,991245,31,531458,16,1
40,1120597,423,1734361,37,104672,12,0
29,848074,694,1525790,24,740686,14,1
29,960109,604,122684,13,283466,5,1
29,1801405,776,957179,7,669113,4,1
55,1326370,743,104745,3,363308,19,1
22,1452557,411,358479,5,148469,17,1
52,1119484,441,545654,33,298845,13,1
38,1247343,497,50917,0,386791,12,1
21,263646,835,1193457,0,639446,7,0
28,1687331,315,526111,11,528168,13,0
41,923035,476,593576,37,850181,11,0
29,760347,750,1916962,16,450400,11,1
37,1615512,843,1985657,1,805589,20,1
39,1233316,531,1202109,24,811028,10,0
57,443306,833,541818,29,690641,20,1
64,1767053,515,420608,29,177190,8,1
40,1189156,439,1561252,28,935210,10,0
44,1771564,520,1955450,13,982014,13,0
58,362624,571,665416,14,249495,10,0
53,726684,604,1391628,28,230063,10,1
53,425469,635,324349,29,448934,1,1
24,1667019,486,1783263,39,558086,19,0
30,612003,325,1185371,16,273958,5,0
29,1267745,704,384199,19,930866,16,1
45,303892,632,1671788,18,848689,17,0
56,1832185,750,1406256,14,441848,13,1
45,1938993,648,128116,10,574796,13,1
33,1317195,546,1650741,18,840125,14,0
29,1849729,402,1964566,9,8314,10,0
42,231585,447,772030,28,203305,6,0
35,1911163,423,1934231,26,17194,18,0
52,761672,606,266750,0,695457,16,0
57,870739,498,422778,32,128692,1,1
51,1268392,808,1850298,18,249402,19,1
36,1493774,646,628641,12,381116,11,1
43,1324289,735,970759,21,984588,18,1
53,1085296,553,1677650,2,343130,15,0
39,1041047,500,909625,17,391770,7,1
59,1104586,599,1904700,6,190912,18,1
24,1114699,503,1328673,12,510874,1,0
21,886684,593,1013443,35,424632,11,1
28,773189,506,1946807,12,609654,8,0
44,858380,612,1035257,29,570850,12,1
54,892095,624,1603744,12,568178,15,0
57,1063403,754,371898,34,989125,5,1
23,794604,557,1417741,18,191758,4,1
43,1483203,817,378615,22,528943,18,1
50,577844,408,1608244,25,166963,12,0
39,1493590,707,689104,28,607337,2,1
62,727007,367,1496321,27,748987,13,0
58,344129,538,1654947,14,974451,9,0
56,1572401,679,1509410,20,589872,14,1
38,1700071,513,83783,14,252712,15,1
57,868755,700,315308,5,897748,3,1
49,1992725,547,550201,36,684547,10,1
38,1151441,819,319515,21,479095,5,1
55,376076,441,335713,5,361417,17,0
57,469458,342,968074,9,623756,9,0
53,1720404,562,1508760,33,809195,9,1
28,1363490,415,1404018,8,336243,14,0
56,425019,738,107062,4,874072,13,1
24,752467,776,1421130,33,912374,18,1
22,434386,403,758092,15,518953,11,0
22,1274961,723,328495,15,701865,7,1
34,1283170,690,815197,13,57676,16,1
39,1123780,398,626553,12,882930,3,0
50,1452078,534,739753,18,610777,4,1
30,1534431,755,1559946,13,824187,12,1
45,747993,348,1554900,16,645099,4,0
64,1282660,788,1316092,14,722969,17,1
43,1543862,841,391558,25,996433,14,1
34,1136705,794,710673,13,429199,8,1
53,558690,624,640073,23,676760,16,0
57,797897,559,1944554,17,219057,1,1
54,890493,469,525278,19,885540,17,0
30,388490,428,1796868,33,894932,11,0
50,1115387,497,511693,16,859734,1,0
33,1776590,589,1521315,3,386480,13,1
21,1893176,779,314179,8,813171,8,1
29,332079,537,831163,5,916185,3,0
45,324982,564,331373,1,587536,20,0
50,1867303,666,457974,38,190861,18,1
25,1486980,687,1970967,8,373410,12,1
35,1159125,324,1907561,6,192180,10,0
54,1913136,742,321365,26,280195,18,1
44,1056101,502,160130,28,961234,18,1
26,449474,785,1024334,35,369792,1,1
55,878758,435,1080488,12,306521,20,0
61,1428361,316,1444359,15,166562,10,0
44,320029,834,1088347,6,141774,10,1
42,490998,566,536084,27,518993,11,0
54,375211,410,400164,25,398635,18,0
40,1933264,845,239073,16,915356,2,1
48,1754094,346,250753,34,111915,13,1
48,1427512,804,633107,12,486134,13,1
52,1175217,594,396293,30,871806,13,1
25,793586,647,880288,25,494527,20,1
53,1767628,383,493066,24,239646,1,1
53,1609854,358,1670179,26,981271,14,0
22,689626,700,172035,9,200065,11,1
38,1255146,462,1679753,13,395065,11,0
58,1814432,388,1477197,8,663582,13,0
26,993853,737,633117,29,81171,8,1
60,1935592,492,1315197,30,618119,16,1
37,1340234,659,735503,31,664093,1,1
46,203191,433,1651028,17,390732,10,0
57,1287638,626,470539,17,830997,20,1
22,602732,381,588314,15,258916,16,0
63,425314,576,323022,5,490588,7,0
47,622955,534,1775089,29,664467,9,0
51,1399670,595,1110676,22,61192,3,1
57,716123,464,740824,18,871901,17,0
53,226155,816,750757,25,541770,12,1
26,530904,367,1263705,32,471068,19,0
24,1994291,480,1345308,1,570819,14,0
39,1868321,811,869497,33,649443,13,1
59,337478,824,1253175,19,530084,19,1
54,484580,849,1144697,24,751943,1,1
28,1751814,753,64995,18,362612,8,1
49,1450632,582,953022,20,467616,4,1
24,1349265,316,943877,35,805684,19,0
37,929532,677,551323,22,286453,1,1
22,1173181,751,1009820,10,150685,3,1
42,1218652,588,919446,2,750046,10,0
44,642882,392,583903,29,887937,11,0
48,219675,575,403548,1,730351,5,0
52,1279583,392,1764219,25,340134,6,0
25,722828,330,1929732,4,701562,10,0
57,1610822,801,1839760,13,239967,14,1
56,1952844,756,994740,22,165912,11,1
51,553299,764,204455,21,362544,6,1
51,1247328,621,667367,24,726989,13,1
61,603322,551,172019,36,224793,16,1
55,346470,585,1831411,31,512438,6,0
35,335832,400,1779041,39,288642,20,0
47,814641,358,94331,25,179006,8,1
26,1104098,798,1581817,29,97469,9,1
39,1208806,819,985783,32,351931,14,1
64,1502549,805,1204262,6,507800,15,1
59,1445129,733,1147996,37,231408,16,1
61,1533140,686,318508,22,317455,1,1
27,471830,385,1823326,19,419503,10,0
47,1762833,430,1743182,36,443942,10,0
57,1566808,628,293767,29,500827,3,1
21,483780,822,824107,21,621169,11,1
28,1060563,471,1280796,8,666110,12,0
53,1546208,513,1688846,27,556107,2,1
48,501454,827,966004,34,757600,15,1
33,304211,710,1931814,19,240270,19,1
46,429189,307,1058923,17,274548,16,0
61,1244327,703,1354503,15,902063,19,1
46,1084056,356,827475,25,101121,2,0
41,1088036,780,443120,37,29086,14,1
35,1550642,364,1254654,10,267201,15,0
26,1507079,398,624887,6,49402,20,0
31,1575828,660,683718,9,498506,19,1
29,348087,510,894156,9,384906,20,0
28,526916,549,1734449,10,704133,14,0
23,893206,614,959210,28,259418,13,1
25,500931,504,966931,8,160014,6,0
39,1942495,461,1335076,37,393445,2,1
32,1813236,798,1952797,28,765387,17,1
45,1342384,369,106396,3,544475,13,1
41,1484382,832,1555419,35,756556,10,1
26,1404680,569,1496714,35,238178,9,1
29,1171248,773,376284,17,559319,8,1
35,654179,455,1938007,36,158253,6,0
32,647557,438,697952,34,390555,1,0
58,233320,755,1732252,25,909121,19,0
21,1939080,603,1458791,3,748065,19,0
53,1797690,819,1436205,1,928941,16,1
56,1084200,374,562493,38,637300,7,0
33,1178080,736,594026,33,342962,7,1
27,1382117,734,312091,29,41025,1,1
54,1133688,635,1971013,9,3285,19,1
32,432601,358,1873215,12,561548,10,0
63,559687,720,523288,14,764325,10,1
45,421972,364,1938873,22,613655,20,0
32,292324,694,1913062,16,851426,11,0
41,207967,706,1662033,30,160576,6,1
28,259182,399,897084,18,566134,9,0
55,460116,733,537436,36,601513,18,1
44,1241592,846,1622138,4,296952,2,1
48,1522373,784,1590815,13,126150,17,1
64,1335564,464,1151267,27,381186,19,0
45,900336,824,774857,0,676419,19,1
23,1334807,327,872614,9,590669,5,0
22,236035,339,540999,35,70246,19,0
22,913936,338,161362,30,170534,9,1
51,824771,683,1346573,19,797866,17,0
39,1129065,747,407546,38,254265,1,1
58,391703,384,295984,15,535848,16,0
61,1000101,403,849687,31,253608,11,0
49,889115,566,1168597,6,839934,10,0
38,1470660,776,1627790,23,532245,16,1
45,1093093,737,995522,0,232320,8,1
37,1345298,306,1677324,6,926719,15,0
23,654162,509,1640883,12,31826,9,1
55,1722688,664,798692,8,575648,10,1
48,1586652,571,1526971,18,647999,16,1
60,972577,490,1210714,13,785216,2,0
24,1750219,428,874516,11,202821,8,1
57,1795476,720,699285,22,963313,7,1
42,898956,401,538029,26,624152,8,0
30,662785,514,320146,15,21602,19,1
36,1934190,521,748419,7,203462,9,1
22,603119,441,972736,34,328634,14,0
25,1073698,671,358974,28,181413,17,1
53,1813325,810,1177113,17,819555,12,1
45,1041531,561,992320,3,443931,17,0
61,649830,552,710197,9,842843,11,0
59,1755979,580,1050460,9,65030,7,1
43,1800946,353,937099,25,549264,19,0
53,1815777,773,1401918,11,978167,5,1
40,452164,779,406778,4,185784,14,1
43,651157,560,526545,21,134585,17,1
40,1276299,374,1033667,17,856035,9,0
53,590530,518,337623,12,261420,13,1
42,1116838,467,1837430,8,322870,8,0
30,1222788,446,584522,39,207302,12,1
29,356570,613,1838220,35,603841,7,0
38,1816405,375,581740,3,104126,15,0
37,1611220,843,289455,39,921286,7,1
52,1781974,669,276256,30,722496,3,1
56,740340,501,220948,25,999291,15,0
32,660494,823,533236,2,599142,5,1
26,644191,547,1517130,28,496297,9,0
34,1570485,422,1637893,22,701433,13,0
42,1092964,791,932421,13,16535,20,1
57,646636,817,1621869,12,689566,2,1
36,648625,487,1094846,17,394798,19,0
56,1388554,758,477244,21,184100,9,1
64,1178836,439,1540079,21,623813,18,0
53,1827687,450,787744,37,823271,14,1
21,631116,470,1966430,0,369802,18,0
55,1450956,452,1829810,23,342808,14,0
62,381360,536,1750115,11,132385,3,1
22,1984997,489,607242,29,527340,3,1
41,404451,349,1542017,39,467310,19,0
49,1519432,567,227597,23,469984,17,1
42,328322,683,1276294,24,80674,19,1
50,548619,653,1407642,14,857303,8,0
33,1518719,481,388585,23,397597,11,1
39,1248382,624,528454,4,541797,10,1
27,1268199,722,1589582,6,242330,18,1
54,217633,498,1221248,28,264291,12,0
63,1746236,332,226355,33,909304,14,1
44,1526283,545,500983,24,153412,10,1
27,456695,505,1610611,6,52066,7,0
25,1605568,807,526379,16,571238,18,1
33,286365,437,222646,15,148620,10,0
51,1357655,435,1112965,11,653525,17,0
31,1915499,592,1927954,20,231525,4,1
33,745909,477,1204149,38,560151,13,0
32,1719603,640,1877000,16,48037,3,1
28,292601,450,140417,36,56096,3,1
54,1211967,724,194282,2,649983,5,1
24,1295426,839,204226,13,233169,7,1
25,1303200,571,1791599,23,388742,11,1
64,1589517,753,82101,5,385105,13,1
54,1168616,804,797567,10,905721,20,1
52,323257,372,970041,9,549308,9,0
34,1846933,661,1605289,36,665329,9,1
41,1793431,713,643805,18,890695,10,1
26,1864742,581,514761,13,91656,8,1
40,957771,578,1785657,19,807040,20,0
27,1814710,572,1055489,28,700146,7,1
29,1891983,781,185150,3,27472,16,1
57,851233,503,569385,16,103535,9,1
21,687510,561,297667,5,156080,10,1
60,1202403,686,997509,20,641462,1,1
59,1406308,819,489439,29,212204,20,1
21,1624764,373,1379502,8,967196,19,0
64,751120,372,787651,27,729992,5,0
49,1396179,426,1467231,20,360400,18,0
55,1443268,593,635457,7,94202,12,1
52,924238,475,1540017,6,859613,7,0
62,219975,374,539709,1,865404,1,0
59,1011554,557,1285382,37,426976,1,1
52,1246914,764,750033,27,844124,14,1
33,802272,695,974634,21,147776,1,1
42,904590,324,1091566,4,324036,7,0
43,1274135,818,1167374,27,290696,9,1
49,1402939,757,1508316,6,401339,8,1
28,1069049,734,918277,37,98185,3,1
33,1238199,702,130152,34,620804,14,1
56,582729,438,1390683,27,421863,3,0
46,645864,804,1875598,32,938193,9,1
31,592136,774,93856,13,15791,16,1
37,1907017,370,290011,35,426042,20,1
31,1849423,498,976921,13,353153,8,1
64,841147,360,1575870,30,784278,13,0
41,694509,476,1648328,14,331612,19,0
42,270326,534,1293048,0,685852,10,0
21,304555,808,1603763,38,878691,4,1
55,645485,493,1520170,15,132283,18,0
33,413030,578,1526106,14,931620,12,0
53,1520567,775,546005,10,870793,4,1
32,771107,400,962935,25,288172,13,0
52,1315731,654,1065691,36,22936,12,1
64,546874,685,282520,19,401063,4,1
45,1285063,422,400679,24,336473,12,1
26,1715592,719,886690,11,618634,20,1
22,1407068,381,1418880,6,273945,3,0
35,1512743,831,1108302,6,320580,20,1
27,973887,630,1973782,13,41954,2,1
35,1918224,606,1302137,4,68369,7,1
33,720985,742,1788460,6,779957,1,0
31,735426,779,1962162,7,532249,19,1
33,276256,827,1859771,34,712932,19,1
47,1023346,399,554677,10,954887,9,0
36,795923,463,1476912,5,767754,8,0
52,903650,800,1601899,21,396601,11,1
60,341214,678,1869550,12,633619,18,0
29,284080,428,1455263,37,482870,8,0
28,864468,540,63780,31,845457,18,1
57,1012461,716,390912,31,613614,4,1
53,1066964,740,1433640,32,300589,2,1
38,1808126,639,1808962,17,306604,7,1
48,577816,583,1929262,25,105185,18,1
44,734003,453,118207,25,991457,12,1
45,1468300,590,847583,22,814468,12,1
40,1823911,828,1767836,17,112036,6,1
37,1132883,421,658986,16,77924,5,1
60,1071310,675,1793455,9,82867,10,1
55,1363950,681,1586178,10,960837,9,1
49,1818702,504,1468060,28,468255,3,1
21,545114,674,1772199,4,703023,14,0
58,1424491,847,1042812,14,34160,11,1
43,881503,473,366363,21,848152,20,0
59,328046,361,1334283,17,984426,2,0
36,1905587,339,1837500,18,157541,17,0
48,1221318,469,1877156,15,957004,13,0
62,1663807,501,1043978,12,306822,11,1
62,1689493,506,1891646,27,146429,1,1
30,1399751,626,918212,2,780237,10,0
31,718349,426,1773519,33,720394,6,0
30,1584490,801,499777,13,29545,13,1
49,813089,481,1972967,10,137815,3,1
43,905552,568,1545991,1,240056,19,0
51,1368311,529,1808646,6,72255,4,1
59,704409,736,563066,17,466389,2,1
25,1191469,461,1236430,16,982558,12,0
37,1316271,828,1333871,5,861596,10,1
31,1933742,318,601852,26,934826,11,0
38,1971300,381,1343512,1,974303,17,0
46,1108182,640,348783,18,976684,2,1
52,263530,475,706521,0,311072,13,0
41,223387,770,1402206,30,735733,14,1
40,970188,573,866698,0,206724,6,0
27,773156,423,621302,39,283135,6,0
62,1080412,713,1113435,30,601946,13,1
58,345016,635,761423,17,779966,16,0
55,1425811,730,997436,37,68359,11,1
48,913708,535,185370,37,355288,3,1
41,411830,332,317598,9,836713,20,0
41,1068374,417,392221,4,118558,6,1
57,1784735,677,884379,0,902548,14,1
55,1517191,770,1455802,33,430000,5,1
34,1444380,312,1606570,6,779533,15,0
55,1633441,581,609070,37,838821,15,1
46,832543,846,1470695,29,704397,4,1
24,969097,598,372341,30,266926,14,1
26,1438360,764,1867793,20,699500,15,1
62,1443294,728,887165,3,625675,14,1
62,1360932,630,1486998,37,178130,17,1
58,1701681,602,345920,19,452115,1,1
47,1345935,539,1865419,23,833650,9,0
62,630424,679,278129,16,906482,4,1
31,1705949,353,696012,5,782397,16,0
29,835567,352,230494,16,410354,3,1
54,420169,399,634668,6,880624,6,0
32,1428337,749,1379773,14,581768,11,1
28,1946536,686,1400850,4,721754,6,1
43,1543276,591,1579017,14,1132,15,1
46,1879161,514,1440227,19,355933,14,1
29,248320,683,810177,0,624705,10,0
41,1003585,662,753803,24,483042,19,1
47,711083,791,1752457,22,107092,9,1
34,1096816,799,1256329,4,918273,3,1
49,1970440,706,267314,7,28930,19,1
31,680488,685,571244,17,26505,8,1
24,223312,813,70855,21,893544,4,1
49,967629,483,911465,20,546547,16,0
45,517875,700,1978084,36,617508,14,0
54,701174,442,1625326,13,242113,2,0
64,229301,413,1811732,0,926997,4,0
51,1373057,667,1456352,29,655337,9,1
32,558918,439,154428,26,402968,12,1
46,1418758,736,1932901,13,941631,16,1
64,900601,624,132806,10,731672,5,1
48,1097767,460,1815520,36,209124,7,0
54,1215416,404,875963,38,16984,11,1
52,1952300,330,1042144,12,81494,19,0
25,1222460,401,1628232,25,124232,15,0
49,686275,347,1889050,4,944353,9,0
22,1788861,661,136803,15,573399,2,1
33,1497638,478,1560171,20,821939,9,0
52,1208559,603,191449,8,603857,18,1
23,1463008,508,1543285,5,173084,7,1
21,1690036,401,612634,34,81199,9,1
23,1892367,513,1701536,25,298818,11,1
46,212289,352,943659,0,192941,16,0
55,523390,582,672288,29,829601,12,0
54,577539,631,229001,23,676935,7,1
37,1457949,662,1330780,39,615036,20,1
31,1892137,413,1099627,37,680611,4,0
25,902436,621,70323,32,403923,8,1
46,702420,690,729222,32,217912,16,1
30,1326798,468,1770444,29,665078,16,0
28,429104,576,722747,27,783258,20,0
52,1650503,362,1373173,22,295135,20,0
35,1780677,663,190148,15,784752,8,1
60,1862682,749,988601,39,344076,9,1
59,658298,793,1707289,32,13731,2,1
57,1819715,751,489358,25,902520,11,1
46,854037,603,1543726,24,68653,16,1
52,466847,739,1962493,4,814299,11,0
53,1461553,662,1060540,32,146692,17,1
52,1168181,423,1980440,16,682387,2,0
64,479922,694,888927,29,641857,17,0
56,1182469,477,174591,21,814468,7,1
52,1112735,346,1187888,11,50248,2,0
57,828419,465,1718462,33,57196,7,1
44,1222378,526,1678662,26,888943,9,0
22,1228494,340,214726,39,628151,11,1
41,268099,713,1075270,17,571025,15,0
52,212115,787,612422,22,610610,13,1
38,1678301,512,1434822,34,910039,11,0
44,1360793,498,80257,35,69093,13,1
23,382051,742,96250,14,938327,5,1
53,1309004,328,53969,29,107724,15,1
46,417285,810,1714062,7,294478,4,1
43,920488,306,386199,19,191303,6,0
44,1799295,846,1507200,23,776684,19,1
37,405768,711,1973217,38,599649,16,0
54,986958,340,619829,27,333887,16,0
41,894892,727,1407719,10,217256,4,1
51,1751330,381,551793,18,628935,17,1
24,1368544,702,1869231,25,65614,4,1
38,1065580,813,669696,33,472312,11,1
48,806217,459,284000,18,145693,11,1
27,1044092,340,916491,39,287667,15,0
53,821827,394,1126778,0,810506,15,0
60,1799908,533,1325029,35,758685,2,1
30,1159744,572,806967,16,755664,17,0
23,1152246,373,1084104,12,960082,15,0
56,1042981,572,1538591,28,338592,13,1
44,536585,561,86683,34,47779,18,1
53,450497,427,1524235,7,821462,5,0
53,1978254,372,1772750,5,628889,1,0
64,514451,500,52775,11,483414,4,1
25,1500035,456,429653,26,704824,15,1
36,1144994,643,1410369,8,168600,11,1
43,736437,403,986320,13,225409,2,0
61,754399,463,1669282,27,655313,5,0
31,1720708,807,1983247,34,950509,14,1
62,1491210,506,721986,0,141002,4,1
42,1160612,675,526963,9,913946,1,1
30,1749107,505,361385,23,634388,10,1
22,618267,599,1702390,0,967726,16,0
58,1444289,372,633510,36,473594,18,0
64,1410355,419,983334,12,345992,12,0
64,1110597,653,1593812,17,90925,3,1
36,294018,547,62306,15,241535,6,1
30,1445309,576,1405477,36,301111,9,1
29,1815685,465,575754,30,140749,5,1
64,643031,343,1596064,17,366047,7,0
21,800530,509,1479290,23,206717,14,0
27,1282424,806,283979,18,480674,18,1
24,1696906,570,1525368,23,58047,6,1
63,1530228,410,288483,21,20655,6,1
27,1212237,361,1425147,16,89031,16,0
51,1635177,721,628110,31,332103,11,1
60,1933951,642,1753820,38,552226,6,1
60,1383620,771,740955,32,207383,16,1
39,357702,473,1974507,5,718730,20,0
46,438389,358,1250002,0,848964,20,0
63,489102,726,426036,30,457576,2,1
55,255147,798,984550,13,391065,13,1
45,1686205,741,462755,2,32930,18,1
48,1035036,469,1156795,25,65641,17,1
50,769936,613,1702632,16,256323,7,1
32,882347,795,971287,23,416313,19,1
50,849714,511,994131,30,199121,9,1
23,1754205,343,226298,8,196544,4,1
43,768926,784,192157,16,903675,16,1
43,1033487,312,1306425,19,317953,2,0
27,723156,575,1835354,6,292926,16,0
47,1505944,697,1740056,20,962226,6,1
32,223429,735,1860145,37,189773,1,1
32,544855,806,763340,0,665727,15,0
34,1978206,612,730913,3,610682,15,1
25,355683,418,1971575,14,782366,20,0
29,1818136,493,1481728,34,827165,10,0
42,710259,397,441011,15,505329,4,0
63,541815,483,1111809,33,54225,11,1
61,1390402,658,1246454,34,277749,19,1
35,446242,389,718629,2,510609,3,0
36,482725,849,219934,27,405377,5,1
58,325991,320,468829,2,875512,15,0
37,1940687,638,1984580,2,701517,5,1
25,1206080,464,1258458,9,95119,12,1
54,1701352,793,525147,28,464271,18,1
55,468512,392,1852466,24,844464,20,0
29,890658,309,1762243,20,157212,2,0
22,829720,420,541215,38,290395,1,0
26,1195043,743,497244,3,893993,11,1
34,316492,438,845775,8,636548,19,0
34,863689,503,591529,17,53019,13,1
44,834486,567,1773736,15,235161,13,1
22,942296,458,441180,35,376295,10,1
54,482017,724,203466,5,158571,8,1
59,942406,510,1506952,1,800981,4,0
26,937565,492,626515,27,649868,20,0
46,1191120,583,1094863,10,675899,5,1
46,1786292,700,1330028,22,418973,4,1
45,1574572,784,1468826,25,905079,7,1
44,1911672,534,138422,13,836971,4,1
55,1132817,565,1583471,34,94455,20,1
34,883404,688,552264,33,508670,19,1
52,517348,416,681516,22,585842,11,0
21,1679359,495,769778,30,113034,17,1
46,1127460,358,119518,22,861864,17,0
29,1505129,447,138302,2,938863,10,1
40,263936,382,1386926,31,611868,12,0
56,433103,474,581985,0,119324,4,0
54,1875611,390,221389,35,337547,3,1
45,1906032,326,1094890,0,412774,7,0
27,780780,367,1108644,14,486626,11,0
